{
    "accuracy": 0.6814024390243902,
    "precision": 0.6258992805755396,
    "recall": 0.35655737704918034,
    "f1_score": 0.45430809399477806
}